Company Name,Domain,Hourly rate,Address,Main Url,Service Focus,Industry
1. DEKSIA,https://deksia.com/,$100-$149/hr,Grand Rapids Michigan ,https://99firms.com/advertising-companies/,"Brand Research,Brand Development,Web Development",",advertising-companies/"
2. Spire Agency,https://spireagency.com/,$150-$199/hr,Addison Texas ,https://99firms.com/advertising-companies/,"Branding,Brand Integration,Advertising",",advertising-companies/"
3. BrandTuitive,https://www.brandtuitive.com/,$200-$300/hr,New York New York ,https://99firms.com/advertising-companies/,"Branding,Advertising,Marketing Strategy",",advertising-companies/"
4. Division of Labor,https://www.divisionoflabor.com/,$100-$149/hr,Sausalito California ,https://99firms.com/advertising-companies/,"Advertising,Branding,Web Design",",advertising-companies/"
5. Anchour,https://www.anchour.com/,$150-$199/hr,Lewiston Maine ,https://99firms.com/advertising-companies/,"Branding,Web Development,Content Development",",advertising-companies/"
6. Sensis,https://www.sensisagency.com/,$150-$199/hr,Los Angeles California ,https://99firms.com/advertising-companies/,"Marketing Strategy,SEM/SEO,Earned Media,Branding",",advertising-companies/"
7. REQ,https://req.co/,$150-$199/hr,Washington District of Columbia ,https://99firms.com/advertising-companies/,"Advertising,SEO,PR,Social Media,Branding",",advertising-companies/"
8. Jacob Tyler,https://www.jacobtyler.com/,$150-$199/hr,San Diego California ,https://99firms.com/advertising-companies/,"Advertising Campaigns,Media Planning,Outdoor Advertising,UX,Design & Development",",advertising-companies/"
9. IPNY,https://ipny.com/,$200-$300/hr,New York New York ,https://99firms.com/advertising-companies/,"Advertising,Digital Marketing,Social Media",",advertising-companies/"
10. THIEL,https://thiel.com/,$100-$149/hr,Milwaukee Wisconsin ,https://99firms.com/advertising-companies/,"Marketing,Website Design,Branding",",advertising-companies/"
11. Hub Strategy and Communication,https://hubsanfrancisco.com/,$150-$199/hr,San Francisco California ,https://99firms.com/advertising-companies/,"Advertising,Marketing Strategy,Media Planning & Buying",",advertising-companies/"
12. GKV,https://gkv.com/,$150-$199/hr,Baltimore Maryland ,https://99firms.com/advertising-companies/,"Advertising,Brand Development,Digital Marketing,Media Planning & Buying,PR",",advertising-companies/"
13. Bay Creative,https://www.baycreative.com/,$100-$149/hr,San Francisco California ,https://99firms.com/advertising-companies/,"Advertising,SEO,UI/UX,PPC",",advertising-companies/"
14. Power Agency,https://www.poweragency.com/,$100-$149/hr,Louisville Kentucky ,https://99firms.com/advertising-companies/,"Branding & Identity,Digital Marketing,Print Buying,Traditional Advertising",",advertising-companies/"
15. Citizen Group,http://www.citizengroup.com/,$200-$300,San Francisco California ,https://99firms.com/advertising-companies/,"Advertising,Marketing Strategy,Branding",",advertising-companies/"
16. Pure Fusion Media,https://www.purefusionmedia.com/,$100-$149/hr,Phoenix Arizona ,https://99firms.com/advertising-companies/,"Branding,Advertising,Web Design",",advertising-companies/"
17. Venthio,https://www.venthio.com/,$200-$300/hr,Dana Point California ,https://99firms.com/advertising-companies/,"Marketing Strategy,Advertising,Branding",",advertising-companies/"
18. Huntington Pacific Media,https://huntingtonpacificmedia.com/,$150-$199/hr,Irvine California ,https://99firms.com/advertising-companies/,"Social Media Management,Social Media Advertising,Photo and Video Content Production,PPC,Digital Marketing",",advertising-companies/"
1. Illustria,https://illustria.co/,$100-$149/hr,Washington District of Columbia ,https://99firms.com/branding-companies/,"Branding,Business Consulting,Brand Marketing",",branding-companies/"
2. DEKSIA,https://deksia.com/,$100-$149/hr,Grand Rapids Michigan ,https://99firms.com/branding-companies/,"Brand Research,Brand Development,Web Development",",branding-companies/"
3. Spire Agency,https://spireagency.com/,$150-$199/hr,Addison Texas ,https://99firms.com/branding-companies/,"Branding,Brand Integration,Advertising",",branding-companies/"
4. C42D,https://www.c42d.com/,$150-$199/hr,New York New York ,https://99firms.com/branding-companies/,"Brand Strategy,Brand Identity Design,Web & Digital Design",",branding-companies/"
5. BrandTuitive,https://www.brandtuitive.com/,$200-$300/hr,New York New York ,https://99firms.com/branding-companies/,"Branding,Advertising,Marketing Strategy",",branding-companies/"
6. Matchstic,https://matchstic.com/,$150-$199/hr,Atlanta Georgia ,https://99firms.com/branding-companies/,"Branding,Brand Strategy,Brand Identity",",branding-companies/"
7. Anchour,https://www.anchour.com/,$150-$199/hr,Lewiston Maine ,https://99firms.com/branding-companies/,"Branding,Web Development,Content Development",",branding-companies/"
8. Brand Juice,https://www.brandjuice.com/,$150-$199/hr,Denver Colorado ,https://99firms.com/branding-companies/,"Branding,Marketing,Advertising",",branding-companies/"
9. Tenet Partners,https://tenetpartners.com/,$200-$300/hr,New York New York ,https://99firms.com/branding-companies/,"Branding,UX/UI Design,Strategy",",branding-companies/"
10. Finien,https://www.finien.com/,$200-$300/hr,Long Beach California ,https://99firms.com/branding-companies/,"Branding,Logo Design,Marketing Strategy",",branding-companies/"
11. Traina,https://trainadesign.com/,$150-$199/hr,San Diego California ,https://99firms.com/branding-companies/,"Branding,Graphic Design & Marketing,Websites & interactive",",branding-companies/"
12. WANT,https://wantbranding.com/,$200-$300/hr,New York New York ,https://99firms.com/branding-companies/,"Brand Implementation,Brand Evaluation & Research,Brand Definition & Positioning",",branding-companies/"
13. Noble Studios,https://noblestudios.com/,$150-$199/hr,Reno Nevada ,https://99firms.com/branding-companies/,"Pay Per Click,Search Engine Optimization,Web Development",",branding-companies/"
14. DeSantis Breindel,https://www.desantisbreindel.com/,$200-$300/hr,New York New York ,https://99firms.com/branding-companies/,"Branding,Digital Strategy,Marketing Strategy",",branding-companies/"
15. Paragraphs LLC’s,https://paragraphs.com/,$100-$149/hr,Chicago Illinois ,https://99firms.com/branding-companies/,"Branding,Graphic Design,Logo Design",",branding-companies/"
16. BLVR,https://blvr.com/,$150-$199/hr,San Diego California ,https://99firms.com/branding-companies/,"Branding,Packaging Design,Web Design",",branding-companies/"
17. Webster,http://websterdesign.com/,$100-$149/hr,Omaha Nebraska ,https://99firms.com/branding-companies/,"Branding,Advertising,Logo Design",",branding-companies/"
18. Modern8,http://www.modern8.com/,$150-$199/hr,Salt Lake City Utah ,https://99firms.com/branding-companies/,"Branding,Social Media Marketing,Web Design",",branding-companies/"
19. Salt Branding,https://saltbranding.com/,$150-$199/hr,San Francisco California ,https://99firms.com/branding-companies/,"Branding,Marketing Strategy,Web Design",",branding-companies/"
20. Emotive Brand,https://www.emotivebrand.com/,$100-$149/hr,Oakland California ,https://99firms.com/branding-companies/,"Branding,Logo Design,Marketing Strategy",",branding-companies/"
21. Maestro Digital,https://maestrodigital.co/,$50-$99/hr,Los Angeles California ,https://99firms.com/branding-companies/,"Strategy & Positioning,Design & Prototyping,Branding & Identity,Digital & Interaction,Social Engagement",",branding-companies/"
22. Global Brand Works,https://globalbrandworks.com/,$200-$300/hr,San Francisco California ,https://99firms.com/branding-companies/,"Branding,Logo Design,Market Research",",branding-companies/"
23. Gohan Concepts,https://www.gohanconcepts.com/,$150-$199/hr,Makati Metro Manila ,https://99firms.com/branding-companies/,"Branding,Logo Design,Digital Marketing,Web Development",",branding-companies/"
24. We Are Garden,https://wearegarden.co.uk/,$100-$149/hr, England ,https://99firms.com/branding-companies/,"Branding,Brand Audit,Brand Research & Strategy,Brand Creation,Brand Implementation",",branding-companies/"
25. Heirloom,https://www.heirloomagency.com/,$200-$300,Pacifica California ,https://99firms.com/branding-companies/,"Brand Strategy,Brand Naming,Brand Architecture,Messaging & Voice,Visual Identity Design",",branding-companies/"
26. Cadabra Studio,https://cadabra.studio/,$25-$49/hr,San Francisco California ,https://99firms.com/branding-companies/,"UI/UX Design,UX Research,Web Design & Development,Branding & Logo Design,Identity Design",",branding-companies/"
1. Sachs Marketing Group,https://sachsmarketinggroup.com/,$100-$149/hr,Westlake Village California ,https://99firms.com/digital-marketing-companies/,"Search Engine Optimization,Social Media Marketing,Web Design",",digital-marketing-companies/"
2. Silverback Strategies,https://www.silverbackstrategies.com/,$150-$199/hr,Alexandria Virginia ,https://99firms.com/digital-marketing-companies/,"Pay Per Click,SEO,Digital Strategy",",digital-marketing-companies/"
3. Ignite Visibility,https://ignitevisibility.com/,$100-$149/hr,San Diego California ,https://99firms.com/digital-marketing-companies/,"SEO,PPC,CRO",",digital-marketing-companies/"
4. Cynexis Media,https://www.cynexis.com,$25-$49/hr,Grandview Heights Ohio ,https://99firms.com/digital-marketing-companies/,"Web Design,Search Engine Optimization,Mobile App Development",",digital-marketing-companies/"
5. KoMarketing,https://komarketing.com/,$150-$199/hr,Boston Massachusetts ,https://99firms.com/digital-marketing-companies/,"Search Engine Optimization,Pay Per Click,Content Marketing",",digital-marketing-companies/"
6. 97th Floor,https://97thfloor.com/,$150-$199/hr,Lehi Utah ,https://99firms.com/digital-marketing-companies/,"Content Marketing,Search Engine Optimization,Email Marketing",",digital-marketing-companies/"
7. DigitalMarketing.com,https://www.digitalmarketing.com/,$100-$149/hr,Irvine California ,https://99firms.com/digital-marketing-companies/,"Digital Strategy,Search Engine Optimization,Social Media Marketing",",digital-marketing-companies/"
8. Digital Authority Partners,https://www.digitalauthority.me/,$100-$149/hr,Chicago Illinois ,https://99firms.com/digital-marketing-companies/,"Digital Strategy,Content Marketing,UI/UX creation",",digital-marketing-companies/"
9. SEO Solutions,https://www.seosolutions.us/,$100-$149/hr,Chicago Illinois ,https://99firms.com/digital-marketing-companies/,"Web Design,Search Engine Optimization,Advertising",",digital-marketing-companies/"
10. PBJ Marketing,https://pbjmarketing.com/,$150-$199/hr,Washington District of Columbia ,https://99firms.com/digital-marketing-companies/,"PPC,SEO,Social Media Marketing",",digital-marketing-companies/"
11. Split Reef,https://www.splitreef.com/,$35-$125/hr,Columbus Ohio ,https://99firms.com/digital-marketing-companies/,"Web & Mobile Applications,Digital Marketing,SMM,Branding & Graphic Design",",digital-marketing-companies/"
"12. AIS Media, Inc",https://aismedia.com/,$100-$149/hr,Atlanta Georgia ,https://99firms.com/digital-marketing-companies/,"Search Engine Optimization,Pay Per Click,Digital Strategy",",digital-marketing-companies/"
13. Mad Fish Digital,https://www.madfishdigital.com/,$150-$199/hr,Portland Oregon ,https://99firms.com/digital-marketing-companies/,"Search Engine Optimization,Pay Per Click,Media Planning & Buying",",digital-marketing-companies/"
14. FSC Interactive,https://fscinteractive.com/,$100-$149/hr,New Orleans Louisiana ,https://99firms.com/digital-marketing-companies/,"Social Media Marketing,Content Marketing,Search Engine Optimization",",digital-marketing-companies/"
15. Dreamscape Marketing,https://www.dreamscapemarketing.com/,$100-$149/hr,Columbia Maryland ,https://99firms.com/digital-marketing-companies/,"Social Media Marketing,Search Engine Optimization,Pay Per Click",",digital-marketing-companies/"
16. Perfect Search Media,https://www.perfectsearchmedia.com/,$150-$199/hr,Chicago Illinois ,https://99firms.com/digital-marketing-companies/,"Search Engine Optimization,Paid Search,Paid Social,Content Creation & Strategy",",digital-marketing-companies/"
17. ResultFirst,https://www.resultfirst.com/,$100-$149/hr,San Jose California ,https://99firms.com/digital-marketing-companies/,"Web Design,Search Engine Optimization,Pay Per Click",",digital-marketing-companies/"
18. MaxAudience,https://www.maxaudience.com/,$100-$149/hr,Carlsbad California ,https://99firms.com/digital-marketing-companies/,"Web Design,Social Media Marketing,Pay Per Click",",digital-marketing-companies/"
19. Groove Jones,https://www.groovejones.com/,$100-$149/hr,Dallas Texas ,https://99firms.com/digital-marketing-companies/,"AR/VR Development,Event Marketing & Planning,Mobile App Development",",digital-marketing-companies/"
20. Location3,https://www.location3.com/,$150-$199/hr,Denver Colorado ,https://99firms.com/digital-marketing-companies/,"Digital Strategy,Content Marketing,Search Engine Optimization",",digital-marketing-companies/"
21. Rise Interactive,https://www.riseinteractive.com/,$50-$99/hr,Chicago Illinois ,https://99firms.com/digital-marketing-companies/,"PPC,SEO,Digital Strategy",",digital-marketing-companies/"
22. Digital Success,https://www.digitalsuccess.us/,$50-$99/hr,Plano Texas ,https://99firms.com/digital-marketing-companies/,"Pay Per Click,Search Engine Optimization,Digital Strategy",",digital-marketing-companies/"
23. SmartSites,https://www.smartsites.com,$100-$149/hr,Paramus New Jersey ,https://99firms.com/digital-marketing-companies/,"SEO,PPC,Ecommerce Development,Web Design & Development",",digital-marketing-companies/"
24. Gohan Concepts,https://www.gohanconcepts.com/,$150-$199/hr,Makati Metro Manila ,https://99firms.com/digital-marketing-companies/,"Branding,Logo Design,Digital Marketing,Web Development",",digital-marketing-companies/"
25. Boguslavsky & Co,https://www.boguslavskyandco.com/,$50-$99/hr,  ,https://99firms.com/digital-marketing-companies/,"Digital Strategy,Social Media Marketing,Performance Marketing,Content Marketing",",digital-marketing-companies/"
26. Egnoto Pvt. Ltd.,https://www.egnoto.com/,$25-$49/hr,Jaipur Rajasthan ,https://99firms.com/digital-marketing-companies/,"SEO,PPC,Social Media Marketing,Email Marketing",",digital-marketing-companies/"
27. 1702 Digital,https://www.1702digital.com/,,Mumbai Maharashtra ,https://99firms.com/digital-marketing-companies/,"Digital Marketing,Branding,Logo Design,Content Marketing",",digital-marketing-companies/"
28. Huptech Web Pvt Ltd,https://www.huptechweb.com/,$25-$49/hr,Ahmedabad Gujarat ,https://99firms.com/digital-marketing-companies/,"Website Development,Digital Marketing,Shopify Development,WordPress Development",",digital-marketing-companies/"
29. GCC Marketing,https://www.gcc-marketing.com/,$50-$99/hr, Dubai ,https://99firms.com/digital-marketing-companies/,"Web Design & Development,Mobile App Design & Development,Branding & Graphic Design,Digital Marketing",",digital-marketing-companies/"
30. Max Effect Marketing,https://www.maxeffectmarketing.com/,$100-$149/hr,Aurora Colorado ,https://99firms.com/digital-marketing-companies/,"SEO,PPC,Social Media Marketing,Online Reputation Management,Web Design & Development",",digital-marketing-companies/"
31. Inbound Hype,https://inboundhype.com,$50-$99/hr,Moratuwa Western Province ,https://99firms.com/digital-marketing-companies/,"Social Media Marketing,Search Engine Marketing,Search Engine Optimization,Content Marketing",",digital-marketing-companies/"
32. Outsource2Ossisto,https://outsource2ossisto.com/,<$25/hr,Perth Amboy New Jersey ,https://99firms.com/digital-marketing-companies/,"Web Design & Development,Graphic Design,Digital Marketing,SEO,Logo Design",",digital-marketing-companies/"
33. Aumcore,https://www.aumcore.com/,$50-$99/hr,New York New York ,https://99firms.com/digital-marketing-companies/,"Digital Marketing,SEO,Web Design & Development,Content Writing,Brand Strategy",",digital-marketing-companies/"
34. Siva Solutions Inc.,https://www.sivasolutions.com/,$25-$49/hr,Cathedral City California ,https://99firms.com/digital-marketing-companies/,"SEO,Social Media Marketing,PPC",",digital-marketing-companies/"
35. Enable,https://enablewebdesign.com/,$100-$149/hr,Front Royal Virginia ,https://99firms.com/digital-marketing-companies/,"SEO,Web Design,PPC,Digital Strategy,Video Marketing",",digital-marketing-companies/"
36. Branex,https://www.branex.com/,$25-$49/hr,Dothan Alabama ,https://99firms.com/digital-marketing-companies/,"Website Development,Digital Marketing,Branding & Design,Mobile App Development,DDOS Protection,Cloud Management",",digital-marketing-companies/"
37. Primal,https://www.primal.com.vn/,$25-$49/hr, Hồ Chí Minh ,https://99firms.com/digital-marketing-companies/,"SEO,PPC,Social Media Marketing",",digital-marketing-companies/"
38. Oringoo LLC,http://www.oringoo.com/,$50-$99/hr,Herndon Virginia ,https://99firms.com/digital-marketing-companies/,"Digital Marketing,SEO,PPC,Web Design",",digital-marketing-companies/"
39. DigitInk,https://digitink.eu,$25-$49/hr,Sofia Sofia City Province ,https://99firms.com/digital-marketing-companies/,"Social Media Marketing,SEO,SEM,Digital Marketing Strategy,Content Creation,Landing page Creation",",digital-marketing-companies/"
40. Glorywebs Creatives Pvt. Ltd.,https://www.glorywebs.com/,$25-$49/hr,Harrisburg Pennsylvania ,https://99firms.com/digital-marketing-companies/,"SEO,Local SEO,PPC,Web Design  & Development",",digital-marketing-companies/"
41. The Social Cubes,https://thesocialcubes.com/,<$25/hr,Lahore Punjab ,https://99firms.com/digital-marketing-companies/,"Digital Marketing,SEO,Web Development,Graphic Designing",",digital-marketing-companies/"
42. MajorBrains Technologies Pvt. Ltd.,http://www.major-brains.com/index.php,$150-$199/hr,Pune Maharashtra ,https://99firms.com/digital-marketing-companies/,"Web Development & Design,Digital Marketing,Social Media Marketing,Software Testing",",digital-marketing-companies/"
43. NinjaPromo,https://ninjapromo.io/,$25-$49/hr,Minsk Minsk Region ,https://99firms.com/digital-marketing-companies/,"Digital Strategy,Social Media Marketing,PPC Management,Blockchain Marketing,Community Management,PR&Media Relations",",digital-marketing-companies/"
44. js-interactive,https://js-interactive.com/,$150-$199/hr,Austin Texas ,https://99firms.com/digital-marketing-companies/,"Web Design & Development,SEO,SEM/PPC,Digital Marketing",",digital-marketing-companies/"
45. Amazing7 Studios,https://amazing7.com/,<$25/hr,Palm Harbor Florida ,https://99firms.com/digital-marketing-companies/,"Logo,Web Design,Web Development",",digital-marketing-companies/"
46. Adloonix,https://adloonix.com/,$150-$199/hr,Dnipro Dnipropetrovsk Oblast ,https://99firms.com/digital-marketing-companies/,"Digital Marketing Strategy,Social Media Marketing,SEO,PPC,Web Development & Design,Content Marketing",",digital-marketing-companies/"
47. Noble Studios,https://noblestudios.com/,$150-$199/hr,Reno Nevada ,https://99firms.com/digital-marketing-companies/,"Pay Per Click,Search Engine Optimization,Web Development",",digital-marketing-companies/"
48. Techies Infotech,https://techiesinfotech.com.au/,,Cranbourne East Victoria ,https://99firms.com/digital-marketing-companies/,"Web Design & Development,Email Marketing,Social Media Marketing,SEO,PPC,Content Writing",",digital-marketing-companies/"
49. Viaflare,https://viaflare.com/,$150-$199/hr,Newcastle Washington ,https://99firms.com/digital-marketing-companies/,"Web Design & Development,Digital Marketing,SEO,PPC,Email Marketing",",digital-marketing-companies/"
50. Persist Digital,https://persistdigital.com/,$150-$199/hr,Montclair New Jersey ,https://99firms.com/digital-marketing-companies/,"SEO,Content Marketing,Social Media Management,PPC,Web Design & Development",",digital-marketing-companies/"
51. YellowFin Digital,https://www.yellowfindigital.com/,$100-$149,Corpus Christi Texas ,https://99firms.com/digital-marketing-companies/,"Digital Marketing,SEO,Local SEO,Custom Web Design & Development,PPC",",digital-marketing-companies/"
52. ReVerb,https://reverbico.com/,$25-$49/hr,Dodge Center Minnesota ,https://99firms.com/digital-marketing-companies/,"Digital Marketing,ICO Marketing,Branding,Content Marketing,Email Marketing",",digital-marketing-companies/"
53. Omega Digital,https://www.omegadigital.org/,$50-$99/hr, Hồ Chí Minh ,https://99firms.com/digital-marketing-companies/,"Digital Marketing,PPC,SEO,Social Media Marketing,Web Design",",digital-marketing-companies/"
54. 1o8,https://1o8.agency/,$100-$149/hr,Chicago Illinois ,https://99firms.com/digital-marketing-companies/,"Digital Marketing & Strategy,Social Media,Paid Search,SEO,Email Marketing,Website Development",",digital-marketing-companies/"
55. 3DM,https://3dm.agency/,<$25/hr,Hyderabad Telangana ,https://99firms.com/digital-marketing-companies/,"SEO,Social Media Marketing,PPC Management,Web Design & Development,Branding & Advertising",",digital-marketing-companies/"
56. Arete Software Inc.,https://www.aretesoftware.ca/,<$25/hr,Brampton Ontario ,https://99firms.com/digital-marketing-companies/,"Website Design & Development,Ecommerce Development,WordPress Web Design,Digital Marketing,Mobile App Development,Web Maintenance Services",",digital-marketing-companies/"
57. V Network Solution,https://vnetworksolution.com/,,Siliguri West Bengal ,https://99firms.com/digital-marketing-companies/,"Web Design & Development,Software Development,Mobile App Development,Digital Marketing,SEO,PPC",",digital-marketing-companies/"
58. Geekschip,https://www.geekschip.com,$25-$49/hr,Hyderabad Telangana ,https://99firms.com/digital-marketing-companies/,"Digital Marketing,SEO,App Store Optimization,Content Marketing,Social Media Management Services",",digital-marketing-companies/"
59. Grazitti Interactive,https://www.grazitti.com/,$100-$149/hr,Sunnyvale California ,https://99firms.com/digital-marketing-companies/,"Salesforce,Digital Marketing,Social Media Management,SEO,Content Marketing",",digital-marketing-companies/"
1. Content Harmony,https://www.contentharmony.com/,$150-$199/hr,Seattle Washington ,https://99firms.com/content-marketing-companies/,"Content Marketing,Search Engine Optimization",",content-marketing-companies/"
2. Content Kite,https://contentkite.com/,$50-$99/hr,Austin Texas ,https://99firms.com/content-marketing-companies/,Content Marketing,",content-marketing-companies/"
3. S&G,https://stuntandgimmicks.com/,$150-$199/hr,Miami Beach Florida ,https://99firms.com/content-marketing-companies/,"Content Marketing,Public Relations,Social Media Marketing",",content-marketing-companies/"
4. Content Development Pros,https://www.contentdevelopmentpros.com/,,Red Bank New Jersey ,https://99firms.com/content-marketing-companies/,"Content Marketing,SEO,Web Design",",content-marketing-companies/"
5. Brandpoint,https://www.brandpoint.com/,$150-$199/hr,Hopkins Minnesota ,https://99firms.com/content-marketing-companies/,"Content Marketing,Advertising,Public Relations",",content-marketing-companies/"
6. Column Five,https://www.columnfivemedia.com/,$150-$199/hr,Irvine California ,https://99firms.com/content-marketing-companies/,"Content Marketing,Marketing Strategy,Digital Strategy",",content-marketing-companies/"
7. Eucalypt,http://eucalyptmedia.com/,$100-$149/hr,Jacksonville Florida ,https://99firms.com/content-marketing-companies/,"Content Marketing,Advertising,Search Engine Optimization",",content-marketing-companies/"
8. Brafton,https://www.brafton.com/,$150-$199/hr,Boston Massachusetts ,https://99firms.com/content-marketing-companies/,,",content-marketing-companies/"
9. Content Reactor,https://contentreactor.io/,$50-$99/hr,Minneapolis Minnesota ,https://99firms.com/content-marketing-companies/,"Content Marketing,Digital Strategy,Email Marketing",",content-marketing-companies/"
10. Find A Way Media,https://findaway.media/,$150-$199/hr, New York ,https://99firms.com/content-marketing-companies/,"Content Marketing,Marketing Strategy,Search Engine Optimization",",content-marketing-companies/"
11. Brain Traffic,https://www.braintraffic.com/,$100-$149/hr,Minneapolis Minnesota ,https://99firms.com/content-marketing-companies/,"Content Marketing,Web Design,Consulting",",content-marketing-companies/"
12. Arcalea,https://arcalea.com/,$50-$99/hr,Chicago Illinois ,https://99firms.com/content-marketing-companies/,"Content Marketing,Email Marketing,Search Engine Optimization",",content-marketing-companies/"
13. NewsCred,https://www.newscred.com/,$100-$149/hr,New York New York ,https://99firms.com/content-marketing-companies/,"Content services,Advisory services,Technical services",",content-marketing-companies/"
14. Noble Studios,https://noblestudios.com/,$150-$199/hr,Reno Nevada ,https://99firms.com/content-marketing-companies/,"Pay Per Click,Search Engine Optimization,Web Development",",content-marketing-companies/"
15. Portent,https://www.portent.com/,$50-$99/hr,Seattle Washington ,https://99firms.com/content-marketing-companies/,"Content Marketing,Social Media Marketing,Search Engine Optimization",",content-marketing-companies/"
16. Vertical Measures,https://www.verticalmeasures.com/,$150-$199/hr,Phoenix Arizona ,https://99firms.com/content-marketing-companies/,"Content Marketing,Pay Per Click,Search Engine Optimization",",content-marketing-companies/"
17. TopRank Marketing,https://www.toprankmarketing.com/,$100-$149/hr,Minneapolis Minnesota ,https://99firms.com/content-marketing-companies/,"Content Marketing,Search Engine Optimization,Digital Strategy",",content-marketing-companies/"
18. Madison Taylor Marketing,https://madisontaylormarketing.com/,$150-$199/hr,Denver Colorado ,https://99firms.com/content-marketing-companies/,"Content Marketing,Pay Per Click,Digital Strategy",",content-marketing-companies/"
19. EnVeritas,https://enveritasgroup.com/,$100-$149/hr,Greenville South Carolina ,https://99firms.com/content-marketing-companies/,"Content Marketing,Social Media Marketing,Marketing Strategy",",content-marketing-companies/"
20. ReVerb,https://reverbico.com/,$25-$49/hr,Dodge Center Minnesota ,https://99firms.com/content-marketing-companies/,"Digital Marketing,ICO Marketing,Branding,Content Marketing,Email Marketing",",content-marketing-companies/"
21. Ghergich & Co,https://ghergich.com/,$200-$300/hr,St. Louis Missouri ,https://99firms.com/content-marketing-companies/,"Content Marketing,Advertising,Direct Marketing",",content-marketing-companies/"
22. Adloonix,https://adloonix.com/,$150-$199/hr,Dnipro Dnipropetrovsk Oblast ,https://99firms.com/content-marketing-companies/,"Digital Marketing Strategy,Social Media Marketing,SEO,PPC,Web Development & Design,Content Marketing",",content-marketing-companies/"
